Var1,Init_Fig7.shVF.DS,Opti_Fig7.shVF.DS
Fig,Fig7.shVF.DS,Fig7.shVF.DS
tn0,0,0
tnend,100,128.757358047224
td0,120,128.757358047224
tdend,205,174.199675779614
