Time (min),Abs1,Abs2,Abs3
0,0.595833333333333,0.729166666666667,0.493055555555556
15,1,0.220833333333333,0.1
30,0.113888888888889,0.101388888888889,0
