Time (min),Abs1,Abs2,Abs3
0,0.016333,-0.00466666666666667,-0.0116666666666667
15,        ,0.0443333333333333,0.0623333333333333
30,0.18833 ,0.0791333333333333,0.0938333333333333
