Time (min),Abs1,Abs2,Abs3
0,0.057292,0.0989583333333333,0
15,        ,0.3125,0.338541666666667
30,1       ,0.630208333333333,0.71875
