Time (min),Abs1,Abs2,Abs3
0, ,0,0.125
0, ,0,0.125
3.87298334620742,1,0.241666666666667,0.34375
