Time (min),Abs1,Abs2,Abs3
0, ,0,0.0378787878787877
0, ,0,0.0378787878787877
3.87298334620742,1,0.462121212121212,0.590909090909091
